{"x": [2.8490016784286043, 6.81563497022446, 8.152386087041084, 8.263996175780626], "y": 0.1112875913119119}