{"x": [3.541150952793397, 8.07496825221836, 8.199302064636598, 8.28105281143208], "y": 0.11119029403667258}