{"x": [14.375461163358436, 8.409796740015567, 8.405100447370307, 14.73183288125645], "y": 0.5328586005057916}