{"x": [3.5708475083003375, 15.290422401064834, 8.649677888413716, 8.88936409786649], "y": 0.3237776679895179}