{"x": [14.574214509728511, 13.963933977358352, 8.671775046108454, 8.933909710546912], "y": 0.5324988764040965}