{"x": [12.721258716732391, 8.4107979461593, 8.249098396931833, 8.648269912339417], "y": 0.32448058848335326}