{"x": [3.1290080236833555, 6.973227774511193, -0.733147021308518, 8.11640773869299], "y": 0.14641724946431844}