{"x": [14.677982066276906, 9.310133771669653, 14.668321042265827, 10.598366345672584], "y": 0.5410626090504869}