{"x": [3.60339378924712, 9.355314904245398, 14.270899453459489, 8.987613563126116], "y": 0.3310155987814497}