{"x": [3.436483069314851, 6.834679247690416, 8.172122825576468, 8.613912392274374], "y": 0.11162092387439393}