{"x": [2.7877009922546514, 0.659411789711347, 0.21339873493753292, 8.115117116745097], "y": 0.17038474730157294}