{"x": [15.271520924537718, 8.412640017224144, 8.244351167340199, 8.830125558915856], "y": 0.32481319264009456}