{"x": [2.7879045996572054, 6.74333711467615, 0.2910208726550749, 8.115376871927959], "y": 0.14575109675548448}