{"x": [3.43055722768425, 8.411055654153802, 8.4524430809901, 8.631208961901608], "y": 0.11174508296357111}