{"x": [10.543598843922272, 8.410746022221808, 8.622659308787473, 7.853957460252666], "y": 0.12692950147436954}