{"x": [2.7833708550430636, 5.915979658959559, 5.463962389632464, 8.201373292309036], "y": 0.12066744896075132}