{"x": [9.900893334798942, 8.300971301608378, 8.34803082561027, 8.934812810433844], "y": 0.12469168996074276}