{"x": [0.41048846877788636, 6.846915752169151, 7.953753277208241, 8.241955305500099], "y": 0.11893706582977492}