{"x": [2.7867585177491723, 0.653365310886628, 7.9620557448816225, 8.242955854131118], "y": 0.13803717777799274}