{"x": [2.6992677686293884, 5.933337261033864, 8.15276447104159, 7.92262724422981], "y": 0.11374085360528086}