{"x": [3.1136103805018185, 6.791277369914359, 8.225846705927232, 8.115416175295522], "y": 0.11126976437942293}