{"x": [3.8367152167691883, 19.00536371067443, 8.246318373396416, 18.954302644173588], "y": 0.531263983455248}