{"x": [3.1105724446176746, 8.30066778217489, 8.151690190180968, 8.259842140701004], "y": 0.1109504049717932}