{"x": [3.110353305746929, 8.039070130283005, 8.150486830461508, 8.250765706281706], "y": 0.1108924393809142}