{"x": [3.424597690795023, 20.017202199917783, 8.600350215769632, 8.645268965686041], "y": 0.32365990331645533}