{"x": [19.005694011734157, 8.30286346872018, 8.24592751509045, 8.645890518236827], "y": 0.32445386467455406}