{"x": [3.730954598324966, 8.301544118195597, 8.225870558702658, 21.853684425480523], "y": 0.3230496005723571}