{"x": [3.5696560129760977, 8.410104692061983, 8.22665727748954, 21.1971440085839], "y": 0.32295496604474627}