{"x": [3.541656518234508, 15.88681739617226, 8.228647047796537, 8.658416924028256], "y": 0.32339772931739663}