{"x": [3.110390358798379, 6.7908729630466675, 8.158990058492508, 8.115505228031736], "y": 0.11125668598454708}