{"x": [-1.0218360233354127, 3.8123784608550126, 5.595525933881678, 6.575024919110517], "y": 0.19146221695755694}