{"x": [0.39399451120568807, 4.262981428945387, 5.593598880505582, 6.335939841869985], "y": 0.19191407940809313}