{"x": [0.964203767038162, 4.34948750719497, 14.506848553226925, 6.574985662003063], "y": 0.41014888833740604}