{"x": [0.581799319125921, 4.316911939242077, 5.655881419464823, 6.55908367311775], "y": 0.19220330899632354}