{"x": [1.2663171815853498, 5.892684767347957, 6.133566998728269, 6.441530757635388], "y": 0.19628789939315772}