{"x": [13.286929855187777, 4.268432003767373, 5.658764476465461, 6.674721890033171], "y": 0.36786628383911346}