{"x": [0.40970919901337477, 4.951996720564662, 5.802068426870993, 6.674787955888726], "y": 0.193309396261801}