{"x": [0.6176506293698651, 4.490926209216459, 5.794650961191218, 6.506120431580737], "y": 0.1923813242563488}