{"x": [10.54241572762789, 5.182426320596355, 5.55292331392529, 6.558371933182514], "y": 0.3692821962282695}