{"x": [0.7985741956945267, 14.653763985567618, 5.4914620783341, 6.674611620983907], "y": 0.3805857607030505}