{"x": [10.391278937356796, 5.812423893921743, 6.325653900702031, 6.5997698682233406], "y": 0.370710310454307}