{"x": [-8.177578455072728, 3.8422794766690602, 6.325598804219455, 6.598366966258011], "y": 0.19190965406133853}