{"x": [14.289861172555927, 3.8413570172023395, 6.243913626527226, 16.254929253849163], "y": 0.5362229928917925}