{"x": [15.831041170711263, 3.848140793301354, 6.786480457288411, 6.674774554075597], "y": 0.3680315370829169}