{"x": [1.0695459169830648, 5.031452132627816, 6.425696988375751, 6.7182638977901705], "y": 0.19425014272039376}