{"x": [0.6308599663370651, 3.8195956732655123, 5.685025753105471, 6.33638308325957], "y": 0.19122764363181732}