{"x": [0.8676139657869526, 0.3035538663902272, 6.282570939938351, 6.3352176682507775], "y": 0.19773940504314813}