{"x": [0.7421275317201036, 3.4585442288993797, 5.7358498425513975, 6.405707787593735], "y": 0.1916795121481092}