{"x": [-2.66363611404112, -0.07302756573768457, 5.829175540927547, 6.331171675139235], "y": 0.19725256726884466}