{"x": [-6.202890774126245, 22.082838482871352, 5.810759104426081, 19.158913974735675], "y": 0.5484824481145288}