{"x": [-0.8551348065652853, 3.8562022406649703, 5.741990422611208, 6.558497394570322], "y": 0.1914313618686393}