{"x": [0.8834811307987794, 3.818281806376258, 5.5990484216184955, 6.558850909347419], "y": 0.19131204361419307}