{"x": [-7.801015049967038, 18.21475764616005, 19.750275990498775, 6.558727908485496], "y": 0.589545360644087}