{"x": [0.8865002479511036, 3.8549040836323387, 22.670254175856908, 6.718240092360657], "y": 0.4095240304791148}