{"x": [0.8332127315707842, 3.8432863336452305, 5.600157298423067, 6.375802991153388], "y": 0.19121268668005464}