{"x": [0.4042875953126783, 3.842857743493956, 5.806000446848515, 6.558320465853354], "y": 0.19128906304781768}