{"x": [19.621748808386492, 3.8478623003024226, 5.8068478112222595, 6.598378549751683], "y": 0.367070420748175}