{"x": [22.05641935945372, 3.8428109369072074, 5.705890585540833, 6.598306683138489], "y": 0.36718892932672476}