{"x": [0.40800405467862655, 3.7622445651572036, 5.805684866047813, 6.335403656086731], "y": 0.19115647949538084}