{"x": [0.8906532689584157, 3.8518229056501294, 22.339605960188997, 6.661910746516032], "y": 0.4095339717385491}