{"x": [1.5440951164116319, 5.743143904904761, 5.356708285252453, 10.045865887336655], "y": 0.28538988357054385}